,id,created_with,entity_type,photo_id,photo_url,first_message_read,userbot_id,name,username,access_hash,about,cheat,cheat_created,ios_ban,scam,verified,fake,hidden,blocked,language_code,birthdate,created
0,1610995496,,public_channel,5.472301631396759e+18,https://telegra.ph/file/8bfdab6f783b8dc653ee5.jpg,True,5867964785.0,PanStandUp,panstandup,-3962254009726019372,"–ö–æ–º–∏–∫–∏ –∏–∑ –ë–µ–ª–∞—Ä—É—Å–∏ –≤ –í–∞—Ä—à–∞–≤–µ (–ü–æ–ª—å—à–∞). –î–µ–ª–∞–µ–º —Å—Ç–µ–Ω–¥–∞–ø –≤ –ï–≤—Ä–æ–ø–µ. –ë–ª–∏–∂–∞–π—à–∏–µ –º–µ—Ä–æ–ø—Ä–∏—è—Ç–∏—è —Ç—É—Ç: 
https://linktr.ee/panstandup
–ò–Ω—Å—Ç–∞: @panstandup",,,False,False,False,False,False,False,be,2022-08-08 15:50:07.000000,2023-01-26 20:20:56.994689
1,1789104687,,public_channel,5.256092088657888e+18,https://telegra.ph/file/8e59a247c7bf2fefa3623.jpg,True,5393662759.0,Perusha,perushag,7057200524768072727,–ü—Ä–æ–¥–∞—é –ª—Å: @Laser_bs,,,False,False,False,False,False,False,ru,2023-02-16 13:03:54.000000,2023-02-18 08:30:23.964101
2,1583310759,,public_channel,5.424606925812776e+18,https://telegra.ph/file/6efc1be41c6aa362659cb.jpg,True,,ÿßÿ±ÿ®ÿ≠ ŸÉÿßÿ¥ ŸÖÿπŸÜÿß üí≤,rv_j9,-8534526936928294722,,,,False,False,False,False,False,False,,2022-01-15 16:00:44.000000,2023-02-25 07:32:07.503696
3,1728446154,,public_channel,5.336846115296888e+18,https://telegra.ph/file/3d97461df8da04f0e875a.jpg,True,5577781219.0,DREAM POV,povmex,1453038383022008147,,,,True,False,False,False,False,False,ru,2023-01-13 15:04:51.000000,2023-01-26 14:44:01.349971
4,1436274540,,public_channel,5.382081896269334e+18,https://telegra.ph/file/6b5a56d9dcecc1a6512b0.jpg,True,5864209488.0,–í–æ–ª–æ–¥–∏–º–∏—Ä –ù–∞–∑–∞—Ä–µ–Ω–∫–æ,nazarenkovolodymyr,-4403316951522258700,@VolodymyrNazarenko_bot,,,False,False,False,False,False,False,uk,2020-01-14 12:24:58.000000,2023-01-28 21:30:48.070326
5,1164503012,,public_channel,,,True,,Tania,tania,-3016471089131185998,"To acquire the username, contact:
@Hamnam_Manager",,,False,False,False,False,False,False,,2018-08-10 15:18:21.000000,2023-03-23 16:15:02.398859
6,1437890011,,public_channel,5.271676862822726e+18,https://telegra.ph/file/dc79f14f4604e806733d4.jpg,True,,YAOII HUB,yaoiihubb,7980289215529409229,,,,True,False,False,False,False,False,,2021-05-08 08:27:06.000000,2023-02-28 10:16:52.763393
7,1513771910,,public_channel,,,True,,ÿ™Ÿàÿ®Ÿàÿß ÿ•ŸÑŸâ ÿßŸÑŸÑŸá,lanarhoades2022,-3154946299659446403,,,,False,False,False,False,False,False,,2022-05-09 12:26:52.000000,2023-03-05 13:19:45.809999
8,1813443710,,public_channel,5.438624651094902e+18,https://telegra.ph/file/c24f63b24c35ba6e2de68.jpg,True,,AI ‚Äì Neural Network ‚Äì NSFW,ai_neural_nsfw,-3562157342840645362,,,,True,False,False,False,False,False,,2023-02-17 13:54:46.000000,2023-02-27 16:31:45.968164
9,1652917150,,public_channel,5.224345751990157e+18,https://telegra.ph/file/8e21c229d0855e30cad86.jpg,True,6050293341.0,Astrolog4U |–ê—Å—Ç—Ä–æ–ª–æ–≥–∏—è|–ì–æ—Ä–æ—Å–∫–æ–ø,astrolog4y,-1395830427450260891,"–¢–≤–æ–π –ª–∏—á–Ω—ã–π –ê—Å—Ç—Ä–æ–ª–æ–≥ü´Ç

–†–µ–∫–ª–∞–º–∞: @pomogachtg @kisulik31 
–ó–∞–∫—É–ø –∏ –í–ü: @nejnaya

–ú–µ–Ω–µ–¥–∂–µ—Ä: @drumtapetg",,,False,False,False,False,False,False,ru,2022-08-10 09:33:13.000000,2023-01-26 13:36:00.010200
10,1468508746,,public_channel,5.334647607437412e+18,https://telegra.ph/file/fa7ece8dfcc80681adba8.jpg,True,6167797009.0,COFFEE AND MILK,whiteblackfc,-4455611895830077918,,,,True,False,False,False,False,False,ru,2023-01-13 14:55:56.000000,2023-01-26 14:44:02.821968
11,1342977596,,public_channel,5.332368440092112e+18,https://telegra.ph/file/21e85856cb0a3dee14f4b.jpg,True,5818852150.0,IN slavery to the Mistress | BDSM & Femdomüå∂,inslavemiss,-4136886833412808481,,,,True,False,False,False,False,False,ru,2020-12-25 11:53:02.000000,2023-01-26 11:51:25.719565
12,1435760549,,public_channel,5.42241611023973e+18,https://telegra.ph/file/69c919eba884187995245.jpg,True,5261573562.0,LILDRUGHILL,lildrughill1,-9151163335730950088,,,,False,False,False,False,False,False,ru,2019-07-18 23:02:22.000000,2023-01-26 20:04:41.287922
13,1526078872,,public_channel,5.29882192371684e+18,https://telegra.ph/file/f2458c59c6a84bf0b30a6.jpg,True,5512928677.0,‚òÅÔ∏è LogsDiller | News & Free Logs,logsdiller_notify,-8745592004852626160,"üíé Logs cloud for professionals.

üåö Ads / –†–µ–∫–ª–∞–º–∞: @ldcads",,,False,False,False,False,False,False,ru,2022-02-21 13:55:13.000000,2023-01-30 12:10:48.998946
14,1683546660,,public_channel,5.335074905143756e+18,https://telegra.ph/file/6af08e9270259997072a9.jpg,True,6034821260.0,–ù–æ–≤–æ—Å—Ç–∏ —Å–æ Stargaze | Broxa ‚öõÔ∏è,stargaze_news,-2370349175574024083,Creator - @write_broxa,,,False,False,False,False,False,False,ru,2023-01-13 01:31:11.000000,2023-01-26 22:29:41.479752
15,1753511109,,public_channel,5.422891455745212e+18,https://telegra.ph/file/51352a5150774db36d589.jpg,True,6049698112.0,–î—Ä–µ–≤–Ω–µ—Ä—É—Å—Å–∫–æ–µ –∏—Å–∫—É—Å—Å—Ç–≤–æ.,fadeevaart,1281601389105761915,"–ê–≤—Ç–æ—Ä—Å–∫–∏–π –±–ª–æ–≥ –∏—Å–∫—É—Å—Å—Ç–≤–æ–≤–µ–¥–∞. 

–û–±—â–µ–Ω–∏–µ ‚Äî @Fadeeva_art",,,False,False,False,False,False,False,ru,2022-02-25 18:35:44.000000,2023-01-29 16:09:23.299788
16,1823753758,,public_channel,5.226901871711604e+18,https://telegra.ph/file/07219c0d9d48161cf3253.jpg,True,5314750066.0,“ì Ä·¥á·¥á·¥Ö·¥è·¥ç,fmfreedom,-8348311150445590874,owners: @dantrop √ó @m63cl,,,False,False,False,False,False,False,ru,2022-11-20 18:26:34.000000,2023-02-05 15:31:04.819092
17,1198416434,,public_channel,5.420506241362412e+18,https://telegra.ph/file/50198f2162a67f17e240f.jpg,True,5864209488.0,–ö–∏—Ç–æ–≥—É–¥,aliexpressx8,-822686457263237722,,,,False,False,False,False,False,False,ru,2020-09-13 13:04:11.000000,2023-01-26 12:45:23.217210
18,1644400181,,public_channel,5.249460405749792e+18,https://telegra.ph/file/3755810a132594b88b966.jpg,True,,–û–¢–¢–Ø–ñ–ö–ê SICO / –û—Ç—Ç—è–∂–∫–∞ –°–∏–∫–æ!,sico_settings,-3527972174729232049,,,,False,False,False,False,False,False,kk,2022-03-17 09:55:40.000000,2023-03-05 16:04:08.998189
19,1085511852,,public_channel,3.277733244584368e+17,https://telegra.ph/file/6f5203fa8e4a20b741328.jpg,True,5808733993.0,–°–üN–ó–ñ–£ LOGO,logotypes,711210329746997303,"–ù–∏—á–µ–≥–æ –ª–∏—à–Ω–µ–≥–æ, —Ç–æ–ª—å–∫–æ –ª–æ–≥–æ

–í–µ–±-–¥–∏–∑–∞–π–Ω: @thedesigner
3D –º–æ–¥–µ–ª–∏—Ä–æ–≤–∞–Ω–∏–µ: @polygonstation
–í–¥–æ—Ö–Ω–æ–≤–µ–Ω–∏–µ: @desinspire

–ü–æ –≤—Å–µ–º –≤–æ–ø—Ä–æ—Å–∞–º @tan_tanr",,,False,False,False,False,False,False,ru,2016-12-08 10:18:46.000000,2023-01-26 12:40:24.354424
20,1150092820,,public_channel,5.310294975365367e+18,https://telegra.ph/file/d4c12ea72ee49c92d9d11.jpg,True,5422518915.0,–ú–∞—Ç—á! –•–æ–∫–∫–µ–π,hockey_match,-1341732544137821440,"–ì–ª–∞–≤–Ω–æ–µ –∏–∑ –º–∏—Ä–∞ —Ö–æ–∫–∫–µ—è –Ω–∞ –ú–∞—Ç—á –¢–í: –ö–•–õ, –ù–•–õ, —Å–±–æ—Ä–Ω–∞—è –†–æ—Å—Å–∏–∏",,,False,False,False,False,False,False,ru,2020-09-15 15:18:56.000000,2023-01-26 11:49:11.570771
21,1861318107,,public_channel,5.28515924620121e+18,https://telegra.ph/file/588ef562f764742a4a56e.jpg,True,5367446373.0,Algorithms UZ,algorithms_teacher,6507917604345736844,"Kanal yaratuvshisi: @bekzhanov_rasul
Muhokama guruhi: @algorithms_uz_chat",,,False,False,False,False,False,False,uz,2022-12-23 06:11:18.000000,2023-03-17 06:06:19.606710
22,1319481537,,public_channel,5.230965013852829e+18,https://telegra.ph/file/4292c0e7b0c9f74e9ef59.jpg,True,5920243719.0,Crash APK,apkcrash,7520483841508216999,"Crash APK - –∫–∞–Ω–∞–ª, –≤ –∫–æ—Ç–æ—Ä–æ–º —Å–æ–±—Ä–∞–Ω—ã —Ç–æ–ª—å–∫–æ –ª—É—á—à–∏–µ –±–µ—Å–ø–ª–∞—Ç–Ω—ã–µ –∏–≥—Ä—ã –∏ –ø—Ä–∏–ª–æ–∂–µ–Ω–∏—è –Ω–∞ —Ç–≤–æ–π Android!",,,False,False,False,False,False,False,ru,2021-04-11 07:21:02.000000,2023-02-26 17:37:28.977056
23,1778887848,,public_channel,5.294041444727766e+18,https://telegra.ph/file/edff82849f226a8aa8299.jpg,True,5421360725.0,–°–µ—Ä–≤—ñ—Å –≤–µ—Ç-—Ç—É—Ä–±–æ—Ç–∏ Optimeal Expert,vetcareoptimeal,-5626311837368845056,–í–∞—à –¥—Ä—É–≥-–≤–µ—Ç–µ—Ä–∏–Ω–∞—Ä üê∂üò∫,,,False,False,False,False,False,False,uk,2022-03-14 12:01:39.000000,2023-03-05 10:42:48.244122
24,1604792549,,public_channel,5.350733754609548e+18,https://telegra.ph/file/602771a102a1d16de8bf8.jpg,True,5499656614.0,–Ø–ú–∞—Ä—ñ—É–ø–æ–ª—å. –í—ñ–Ω–Ω–∏—Ü—è,i_mariupol_vin,-2855409064477936703,,,,False,False,False,False,False,False,uk,2022-05-26 10:19:30.000000,2023-01-27 06:39:38.189318
25,1231380548,,public_channel,5.465135139160965e+18,https://telegra.ph/file/d3ddc63e82672fb753556.jpg,True,,Tatiana in Austria | —ç–º–∏–≥—Ä–∞—Ü–∏—è | –ø–µ—Ä–µ–µ–∑–¥ –ê–≤—Å—Ç—Ä–∏—è –õ–∏–Ω—Ü,tatiana_in_austria,1297856051979311698,"–ü—Ä–∏–≤–µ—Ç, —è - –¢–∞–Ω—è. –£–∂–µ –≥–æ–¥ –∂–∏–≤—É –∏ —Ä–∞–±–æ—Ç–∞—é –≤ –ê–≤—Å—Ç—Ä–∏–∏.
–û—á–µ–Ω—å –ª—é–±–ª—é —ç—Ç—É —Å—Ç—Ä–∞–Ω—É –∏ —Ä–∞—Å—Å–∫–∞–∑—ã–≤–∞—é –æ –ø–µ—Ä–µ–µ–∑–¥–µ, –∂–∏–∑–Ω–∏, —Ä–∞–±–æ—Ç–µ, —Ä–∞–¥–æ—Å—Ç—è—Ö –∏ —Ç—Ä—É–¥–Ω–æ—Å—Ç—è—Ö —ç–º–∏–≥—Ä–∞–Ω—Ç—Å–∫–æ–π –∂–∏–∑–Ω–∏.

–ù–µ –∫–æ–Ω—Å—É–ª—å—Ç–∏—Ä—É—é –ø–æ —Ä–µ–ª–æ–∫–∞—Ü–∏–∏!!

–†–µ–∫–ª–∞–º–∞ üëâ @katyaskornyakova",,,False,False,False,False,False,False,,2021-08-10 11:52:10.000000,2023-01-26 11:49:31.608995
26,1351142115,,public_channel,1.89866027585016e+18,https://telegra.ph/file/aa246564e56686b472c7b.jpg,True,5578830708.0,–ê–¥–≤–æ–∫–∞—Ç –ï–≥–æ—Ä–æ–≤,advocategorov,-1345593228435869615,–í–∏–¥–µ–æ –∞–¥–≤–æ–∫–∞—Ç–∞ –ï–≥–æ—Ä–æ–≤–∞ –∏ –Ω–µ–±–æ–ª—å—à–∏–µ –∑–∞–º–µ—Ç–∫–∏ –ø—Ä–æ –Ω–æ–≤—ã–µ –ø—Ä–æ–µ–∫—Ç—ã...,,,False,False,False,False,False,False,ru,2017-11-20 18:10:53.000000,2023-01-26 12:13:13.246902
27,1536909282,,public_channel,5.343840040041694e+18,https://telegra.ph/file/21a68ee8ace81f2f08747.jpg,True,,–°–ò–ì–ê–†–ï–¢–´ (–æ–ø—Ç –∏ —Ä–æ–∑–Ω–∏—Ü–∞) üö¨,sigaretaregion,7156561707366179093,"‚ñ´Ô∏è–†–∞–±–æ—Ç–∞–µ–º –±–µ–∑ –ø—Ä–µ–¥–æ–ø–ª–∞—Ç—ã
‚ñ´Ô∏è–ë—ã—Å—Ç—Ä–∞—è –¥–æ—Å—Ç–∞–≤–∫–∞ –ø–æ –≤—Å–µ–π –†–æ—Å—Å–∏–∏
‚ñ´Ô∏è–î–ª—è –æ–ø—Ç–æ–≤–∏–∫–æ–≤ —Å–≤–æ—è —Å–∏—Å—Ç–µ–º–∞ —Å–∫–∏–¥–æ–∫
‚ñ´Ô∏è–¢–æ–ª—å–∫–æ –æ—Ä–∏–≥–∏–Ω–∞–ª—å–Ω–∞—è –ø—Ä–æ–¥—É–∫—Ü–∏—è",,,False,False,False,False,False,False,,2021-08-27 07:57:33.000000,2023-01-26 11:49:31.608509
28,1587392995,,public_channel,5.881885239050092e+18,https://telegra.ph/file/0144cec184241c0f4f21e.jpg,True,5401746847.0,–¢–ê–ù–Ø –†–´–ñ–û–í–ê,tanyaryzhova,824164118303967439,,,,False,False,False,False,False,False,ru,2022-03-11 15:17:17.000000,2023-01-26 21:04:35.614898
29,1469990034,,public_channel,5.408970268443002e+18,https://telegra.ph/file/57f2221f1906278f067a9.jpg,True,5489924053.0,Mehrinoz,abbosova_mehrinoz,-8575823318008642285,"Mehrinoz Abbosovaning telegram kanali

http://t.me/M_maktublar_bot

Facebookda: https://www.facebook.com/abbasova.mehrinoz

Instagramda:

Instagram.com/mehrinoz_abbosova",,,False,False,False,False,False,False,uz,2020-08-29 05:25:05.000000,2023-01-27 06:31:42.549990
30,1491134141,,public_channel,5.220203990472572e+18,https://telegra.ph/file/6389d82b7f0bbf404fe07.jpg,True,5305189764.0,Baby.ru üçº,babyrutelegram,-8527839736198808545,"–¢–≤–æ–π —É—é—Ç–Ω—ã–π –º–∏—Ä-—Å–ø–∞—Å–∏—Ç–µ–ª—å –æ—Ç –¥–æ–º–∞—à–Ω–∏—Ö —Ö–ª–æ–ø–æ—Ç üíô

–ü–æ –≤–æ–ø—Ä–æ—Å–∞–º —Ä–µ–∫–ª–∞–º—ã - @hellobabyrubot

–ß–∞—Ç–∏–∫ –º–∞–º: https://t.me/kindybabysecret

Baby.ru –≤ TeIegram",,,False,False,False,False,False,False,ru,2021-04-22 10:05:14.000000,2023-01-31 14:12:04.059052
31,1004353638,,public_channel,6.999304797202452e+17,https://telegra.ph/file/800cc8bbcdf1fbe326c0f.jpg,True,5539453869.0,–ö–∞–ª–µ–Ω–¥–∞—Ä—å —Å–æ–±—ã—Ç–∏–π,prazdniki,6079202212441546515,"–ü—Ä–∞–∑–¥–Ω–∏–∫–∏, –∏—Å—Ç–æ—Ä–∏—á–µ—Å–∫–∏–µ —Å–æ–±—ã—Ç–∏—è –∏ –∏–º–µ–Ω–∏–Ω—ã —Å–æ –≤—Å–µ–≥–æ –º–∏—Ä–∞ –∫–∞–∂–¥–æ–µ —É—Ç—Ä–æ.",,,False,False,False,False,False,False,ru,2015-10-11 11:42:48.000000,2023-01-26 12:54:26.407336
32,1238954014,,public_channel,5.449687834014364e+18,https://telegra.ph/file/464c215eae28bd8b82bf5.jpg,True,,–°–µ—Ä–≥–µ–π –ú–µ–ª–∫–æ–Ω—è–Ω,melkonian_sergei,-2673806969390671358,"–õ–∏—á–Ω—ã–π –±–ª–æ–≥ –°–µ—Ä–≥–µ—è –ì–µ–æ—Ä–≥–∏–µ–≤–∏—á–∞ –ú–µ–ª–∫–æ–Ω—è–Ω–∞, –∫–∞–Ω–¥–∏–¥–∞—Ç–∞ –∏—Å—Ç–æ—Ä–∏—á–µ—Å–∫–∏—Ö –Ω–∞—É–∫",,,False,False,False,False,False,False,,2018-02-10 16:23:36.000000,2023-01-26 13:07:00.125387
33,1873976639,,public_channel,5.355059229058254e+18,https://telegra.ph/file/9699be740ca2bcf58cdaa.jpg,True,5535033149.0,Davron Fayziev Live,dfayzievlive,-4576986351368739738,Video va boshqa kontent uchun,,,False,False,False,False,False,False,uz,2023-01-19 18:09:17.000000,2023-01-26 21:53:22.762920
34,1481798027,,public_channel,5.442762993818516e+18,https://telegra.ph/file/f7303d888da72706bb7b0.jpg,True,5548927737.0,–ú–µ–Ω—è–π—Å—è,menyasaa,1946780978198356435,"–ú–µ–Ω—è–π—Å—è –≤–º–µ—Å—Ç–µ —Å –Ω–∞–º–∏üí∏
–ù–µ –∫–∞–∫ —É –≤—Å–µ—Ö‚ù§Ô∏è‚Äçüî•
–õ–∏—á–Ω–æ—Å—Ç–Ω—ã–π —Ä–æ—Å—Ç –∏ —Å–∞–º–æ—Ä–∞–∑–≤–∏—Ç–∏–µüöÄ

–ü–æ –≤—Å–µ–º –≤–æ–ø—Ä–æ—Å–∞–º - @kkharchenko3
–ö—É–ø–∏—Ç—å —Ä–µ–∫–ª–∞–º—É –º–æ–∂–Ω–æ —Ç—É—Ç - https://telega.in/c/menyasaa",,,False,False,False,False,False,False,ru,2021-05-25 08:17:47.000000,2023-02-05 08:09:41.207526
35,1350271024,,public_channel,5.402116243667924e+18,https://telegra.ph/file/c5854f01c42fcccb409e6.jpg,True,5500615504.0,–°—É–ø–µ—Ä–ª–∏–≥–∞ | Tribuna.uz,superliganews,-1792855611003730064,,,,False,False,False,False,False,False,uz,2021-02-09 17:29:01.000000,2023-01-27 11:31:59.310161
36,1854175355,,public_channel,5.404627197513287e+18,https://telegra.ph/file/52a53e75327eb35922251.jpg,True,,ùïúùï°ùï†ùï° ùï£ùï†ùï†ùïû,hdjsksksos,-8422309133256109357,–¥–æ–±—Ä–æ –ø–æ–∂–∞–ª–æ–≤–∞—Ç—å.,,,False,False,False,False,False,True,ru,2023-01-26 05:19:44.000000,2023-01-31 07:10:44.676586
37,1515340458,,public_channel,5.206648553995356e+18,https://telegra.ph/file/3a85b841deeaf53a70297.jpg,True,5595062802.0,RotangShop-–û—Ç–∑—ã–≤—ã,rotang_shop_otzivy,7556929989718844783,,,,False,False,False,False,False,False,ru,2021-10-01 15:16:08.000000,2023-03-08 17:21:38.329191
38,1669795217,,public_channel,5.22921527853618e+18,https://telegra.ph/file/94d7b26f467ad6ee07eaa.jpg,True,5618165042.0,NFNC x NFT,nfnc_nft,-636297111396387129,,,,False,False,False,False,False,False,ru,2022-07-10 22:30:53.000000,2023-01-26 13:35:31.327171
39,1595051317,,public_channel,,,True,5448579690.0,–¢–†–ï–® –ù–û–í–û–°–¢–ò,chvktreshnovosti,-6857139639555662353,–°–∞–º—ã–π –±—ã—Å—Ç—Ä—ã–µ –∏ —à–æ–∫–∏—Ä—É—é—â–∏–µ –Ω–æ–≤–æ—Å—Ç–∏ –Ω–∞ –¥–∏–∫–æ–º –∑–∞–ø–∞–¥–µ!,,,False,False,False,False,False,False,ru,2021-08-02 20:25:19.000000,2023-01-26 11:56:58.257088
40,1148967758,,public_channel,1.888273550279813e+18,https://telegra.ph/file/72fb48cd2ebcd13acb90d.jpg,True,,üíãAsian Dolls,asiandolis,-9094530458388835408,,,,True,False,False,False,False,False,ru,2017-08-02 11:10:03.000000,2023-03-05 23:37:10.519846
41,1589872357,,public_channel,5.283194418922371e+18,https://telegra.ph/file/0d2fe6023041806c11226.jpg,True,6128833965.0,–ú–∏–Ω—Ç–æ—Ä–≥ –ë–∞—à–∫–æ—Ä—Ç–æ—Å—Ç–∞–Ω–∞,mintorgrb,4015237842358232486,,,,False,False,False,False,False,False,ru,2022-03-10 06:14:27.000000,2023-03-02 15:10:43.907101
42,1656897881,,public_channel,5.01293445652006e+18,https://telegra.ph/file/00d176c2e6dff1d831110.jpg,True,5830684474.0,–û–¢–ó–´–í–´ HAPPY TRAFF,happy_trafff,2661013147974583363,"Here are reviews of all the services that I provide. 

ONLY THIS ACCOUNT: @happytraff @happy_traff @ManagerSpamUa",,,False,False,False,False,False,False,ru,2023-01-01 16:32:10.000000,2023-02-11 14:58:57.151435
43,1477484461,,public_channel,5.462912313196658e+18,https://telegra.ph/file/19b27b2ed9311e0f5e89c.jpg,True,5666735460.0,–ò–°–¢–û–†–ò–ò –£–°–ü–ï–•–ê | FREELANCE COOL,success_freelancecool,600115526959921186,,,,False,False,False,False,False,False,ru,2020-05-19 09:17:22.000000,2023-01-26 21:12:46.807862
44,1341547459,,public_channel,5.987956478696339e+18,https://telegra.ph/file/2df6f60c1533e5f79d0b2.jpg,True,,Semen demons,semendemons,7871126533573299844,,,,True,False,False,False,False,False,,2020-02-26 21:13:41.000000,2023-01-26 12:33:11.995241
45,1442670130,,public_channel,5.292054661576111e+18,https://telegra.ph/file/50f96a132c96e7f38e295.jpg,True,,–§–∞–Ω–µ—Ä–æ–∑–æ–π: —É–ª–∏–∫–∏ —ç–≤–æ–ª—é—Ü–∏–∏,phanerozoi,2928740786747753013,"–ú—ã —Ä–∞—Å—Å–∫–∞–∑—ã–≤–∞–µ–º –æ —Ç–µ–æ—Ä–∏–∏ —ç–≤–æ–ª—é—Ü–∏–∏, –ø–∞–ª–µ–æ–Ω—Ç–æ–ª–æ–≥–∏–∏, —ç—Ç–æ–ª–æ–≥–∏–∏, —ç–∫–æ–ª–æ–≥–∏–∏ –∏ –æ –º–Ω–æ–≥–æ–º –¥—Ä—É–≥–æ–º, —Å–≤—è–∑–∞–Ω–Ω–æ–º —Å –±–∏–æ–ª–æ–≥–∏–µ–π –∏ –∂–∏–≤–æ—Ç–Ω—ã–º–∏ –≤ —á–∞—Å—Ç–Ω–æ—Å—Ç–∏.

–°—Å—ã–ª–∫–∏ –Ω–∞ –Ω–∞—à –ø—Ä–æ–µ–∫—Ç:
–í–∫: https://vk.com/phanerozoi
YouTube: https://goo.su/Jdn

–°–æ—Ç—Ä—É–¥–Ω–∏—á–µ—Å—Ç–≤–æ: @alexandr_aurelius",,,False,False,False,False,False,True,ru,2019-07-11 17:41:09.000000,2023-01-27 16:32:57.000139
46,1182542953,,public_channel,5.449654389104036e+18,https://telegra.ph/file/38c00957a3884bfe1031b.jpg,True,5422135516.0,–†–£–¢ (–ú–ò–ò–¢),rut_live,-4036288601927439869,–†–æ—Å—Å–∏–π—Å–∫–∏–π —É–Ω–∏–≤–µ—Ä—Å–∏—Ç–µ—Ç —Ç—Ä–∞–Ω—Å–ø–æ—Ä—Ç–∞ / rut-miit.ru,,,False,False,True,False,False,False,ru,2019-05-14 13:09:54.000000,2023-01-26 11:49:11.719362
47,1790486515,,public_channel,,,True,,–ú–∞–Ω–∏–∫—é—Ä | –ù–æ–≥—Ç–∏ | –¥–∏–∑–∞–π–Ω –Ω–æ–≥—Ç–µ–π,nails_manic,-5834403590348254333,,,,False,False,False,False,False,False,,2023-01-04 08:24:29.000000,2023-02-19 12:11:29.934056
48,1323216705,,public_channel,1.9750591455214735e+18,https://telegra.ph/file/0ebcb6a0862ac3b286af7.jpg,True,5433300886.0,Rostov_com,rostov_compro,-1900535548453067421,"–†–æ—Å—Ç–æ–≤ –≤ –º–∏—Ä–æ–≤–æ–π —Å–µ—Ç–∏; 
–ù–∞—à –∞–¥—Ä–µ—Å: rostov.comp@protonmail.com

–ë–æ—Ç –¥–ª—è —Å–≤—è–∑–∏ —Å –∫–∞–Ω–∞–ª–æ–º 
@RostovComBot",,,False,False,False,False,False,False,ru,2018-12-10 09:45:40.000000,2023-01-26 18:03:59.238553
49,1737914251,,public_channel,5.24483577394402e+18,https://telegra.ph/file/73a792bbf7431273ba0d0.jpg,True,5540500755.0,–°–∞–º –ò–≤–∞–Ω–ò–≤–∞–Ω—ã—á,iiulyanchenko,-3404076318487495057,–ì–ª–∞–≤–∞ –≥–æ—Ä–æ–¥–∞ –°—Ç–∞–≤—Ä–æ–ø–æ–ª—è –ò–≤–∞–Ω –£–ª—å—è–Ω—á–µ–Ω–∫–æ,,,False,False,False,False,False,False,ru,2022-02-26 07:44:22.000000,2023-01-26 11:53:49.771942
50,1867977303,,public_channel,5.47238068456481e+18,https://telegra.ph/file/f5fa99a8336d5697e1287.jpg,True,5449097984.0,Taroüíì,tarospirituality_u,-8081333108940597070,@kkkk_e2 -–ø–æ –≤—Å–µ–º –≤–æ–ø—Ä–æ—Å–∞–º,,,False,False,False,False,False,False,ru,2023-01-25 15:31:37.000000,2023-02-18 21:26:10.690822
51,1652132451,,public_channel,5.287365953153251e+18,https://telegra.ph/file/c373180ffc4fc7c99fda4.jpg,True,5901683211.0,–ó–∞–±–ò–ñ–¢,zabizht_chita,-8943386276259662698,–£—á–∏–º –∂–µ–ª–µ–∑–Ω–æ!,,,False,False,False,False,False,False,ru,2022-03-12 01:40:20.000000,2023-03-05 21:51:32.064745
52,1122061835,,public_channel,5.400213031989922e+18,https://telegra.ph/file/a955835f8681810eb0891.jpg,True,5560159748.0,–¢–µ–º–∞ –ù–∞–∏–∑–Ω–∞–Ω–∫—É,temanaiznanku,4506689520326392491,"–í–Ω—É—Ç—Ä–µ–Ω–Ω—è—è –∫—É—Ö–Ω—è —Å—Ç–∞—Ä—Ç–∞–ø–∞. 
–û –ª–∏—á–Ω–æ–º —Ä–∞–∑–≤–∏—Ç–∏–∏ –∏ –±–∏–∑–Ω–µ—Å–µ –Ω–µ —Ç–∞–∫, –∫–∞–∫ —Å–ª–µ–¥—É–µ—Ç >> @dimadubovik",,,False,False,False,False,False,False,ru,2017-10-11 20:29:46.000000,2023-01-26 20:28:47.748759
53,1894906482,,public_channel,5.348087809942078e+18,https://telegra.ph/file/46d8fa7ad2d209bbfb122.jpg,True,5303197339.0,1xbet Linebet Bonus,xbet_1xbet_linebet_bonus_vzlom,-4216535243510461244,,,,False,False,False,False,False,False,uz,2022-12-24 15:00:55.000000,2023-01-30 07:41:10.297318
54,1469314693,,public_channel,5.368369882464366e+18,https://telegra.ph/file/4078c7b6b71609a889ad8.jpg,True,5472976086.0,ARTPLAY_MOSCOW,artplay_mos,-5089567406568474830,–¶–µ–Ω—Ç—Ä –¥–∏–∑–∞–π–Ω–∞ ARTPLAY,,,False,False,False,False,False,False,ru,2020-02-21 18:40:17.000000,2023-01-26 17:43:49.015244
55,1569575613,,public_channel,,,True,5414313167.0,IM GROUP (–ß–∞—Ç –ø—Ä–æ–∫–ª–∞),imgroupfbchat,3889008313069603429,,,,False,False,False,False,False,False,ru,2022-10-10 18:31:12.000000,2023-01-27 02:30:38.594746
56,1624809209,,public_channel,5.395867495748975e+18,https://telegra.ph/file/b25c2a9572c12dd9730b4.jpg,True,,Durov's Code,durovs_code,4508833373193553146,"News from IT and Telegram world. 

Team:

Advertising // @gaik1
Editor-in-chief // editors@kod.ae

! The project is not managed by Pavel Durov",,,False,False,True,False,False,False,,2022-04-16 16:04:22.000000,2023-01-26 12:14:02.261395
57,1824876992,,public_channel,5.192828569007539e+18,https://telegra.ph/file/4a115ea457ca1ea671912.jpg,True,5485116804.0,Just romance,justourromance,624873444234924461,–ö–æ–Ω—Ü–µ–Ω—Ç—Ä–∞—Ü–∏—è —á—É–≤—Å—Ç–≤,,,False,False,False,False,False,False,ru,2022-11-26 18:03:20.000000,2023-01-26 19:20:43.308013
58,1478918811,,public_channel,5.312025233005331e+18,https://telegra.ph/file/9aa8ab3e7ba818f2cba94.jpg,True,6007619718.0,–¢–≤–æ—è –∑–æ–∂-–ø–æ–¥—Ä—É–∂–∫–∞ üí™üèº ne.iz.takih –ì–µ—Ä–º–∞–Ω–∏—è –°–º–æ–ª–µ–Ω—Å–∫,zozhblog,-6879021428266464821,,,,False,False,False,False,False,False,ru,2019-08-13 22:18:57.000000,2023-01-29 07:11:30.077760
59,1655061669,,public_channel,5.251476257240107e+18,https://telegra.ph/file/08d131796e9aa3f30cbd3.jpg,True,5433743534.0,—Ç—ç–π—á–∏küìµ,tishka_q,-2835123552733258551,·¥ß—é–±·¥ß—é $—É·¥ã ·¥Ä ·¥©·¥Ä–π·¥è–Ω·¥Ä^,,,False,False,False,False,False,False,ru,2022-07-05 18:58:33.000000,2023-02-09 07:51:08.114046
60,1364076742,,public_channel,5.226578593818199e+18,https://telegra.ph/file/62e8f3d442a55648f0d16.jpg,True,6007153148.0,admiration,admiration4,3975696977351579262,"–ß–µ—Ä—Ç–æ–≥ –∫—Ä–∞—Å–æ—Ç—ã –∏ —É—é—Ç–∞

–ö—É–ø–∏—Ç—å —Ä–µ–∫–ª–∞–º—É: telega.in/channels/admiration4/card?r=1oq6_-Z8",,,False,False,False,False,False,False,ru,2021-05-24 15:09:56.000000,2023-01-26 21:28:46.679108
61,1211687009,,public_channel,4.972139555767561e+18,https://telegra.ph/file/526afe7bdef455a498523.jpg,True,,‚ú®XNX HUBüçã,bronhagarantidas,8941343197488829900,,,,True,False,False,False,False,False,,2018-04-25 03:47:28.000000,2023-01-27 13:50:48.432227
62,1643294968,,public_channel,5.312474190231749e+18,https://telegra.ph/file/ba6ee2a51d8a03843078c.jpg,True,,–õ–∞–∑–∏–∑–∞ –ø—Ä–æ –∑–¥–æ—Ä–æ–≤—å–µ –∏ —Ç–µ–ª–æ,shapeofabody,-4059757591990512544,,,,False,False,False,False,False,False,ru,2023-01-05 08:04:24.000000,2023-01-26 11:56:21.158168
63,1705325361,,public_channel,5.474537449637135e+18,https://telegra.ph/file/7353b617164f6df6e7d37.jpg,True,5535171597.0,lily on the neck.,veelsay,338159955067225676,"–ª–∏—á–Ω—ã–π –∫–∞–Ω–∞–ª, –º—É–∑—ã–∫–∞–Ω—Ç
–ø–æ —Ä–µ–∫–ª–∞–º–µ: @vealsay",,,False,False,False,False,False,False,ru,2022-10-08 10:19:00.000000,2023-03-11 11:11:54.111510
64,1656612428,,public_channel,5.287681989731793e+18,https://telegra.ph/file/351360b7e874646752e55.jpg,True,5503075858.0,–í–ª–∞–¥–∏–º–∏—Ä –ó–∞–±—É—Ä–∞–µ–≤,vladimirzaburaev,-4629725064127576265,–ì–ª–∞–≤–∞ –º—É–Ω–∏—Ü–∏–ø–∞–ª—å–Ω–æ–≥–æ –æ–±—Ä–∞–∑–æ–≤–∞–Ω–∏—è –õ–∞–±–∏–Ω—Å–∫–∏–π —Ä–∞–π–æ–Ω,,,False,False,False,False,False,False,ru,2022-03-11 16:55:10.000000,2023-01-27 02:30:37.459333
65,1724649663,,public_channel,5.24926753165343e+18,https://telegra.ph/file/9d6efe4ad30d2e85cf47c.jpg,True,5543000352.0,Artem Kushnarev,artemkushnarev,-2304494625769695878,"–ú—ã—Å–ª–∏, –∏–¥–µ–∏, –æ–±—â–µ–Ω–∏–µ‚Ä¶üòé‚úä",,,False,False,False,False,False,False,ru,2022-02-07 07:22:25.000000,2023-03-03 11:22:41.895494
66,1603377456,,public_channel,5.328179743171921e+18,https://telegra.ph/file/9f8bbe27f29a0a0a271a5.jpg,True,5448990530.0,–¢–ê–°–° LIVE,tass_live,-7810854733077849243,–°–º–æ—Ç—Ä–∏—Ç–µ #–ø—Ä—è–º–æ—Å–µ–π—á–∞—Å,,,False,False,False,False,False,False,ru,2022-09-22 09:51:52.000000,2023-01-26 11:48:50.509614
67,1069147148,,public_channel,5.32150929818398e+18,https://telegra.ph/file/89fdf57829fdfda362095.jpg,True,5467065622.0,–°–∏–Ω–∏–µ –í–µ–¥–µ—Ä–∫–∏,ruvederko,-3384630545745295351,"–°–∏–Ω–∏–µ –í–µ–¥–µ—Ä–∫–∏ - —Ç–µ–ø–µ—Ä—å –∏ –≤ —Ç–µ–ª–µ–≥—Ä–∞–º!
–°–≤—è–∑—å —Å –Ω–∞–º–∏ https://t.me/ruvederko333_bot",,,False,False,False,False,False,False,ru,2016-07-30 09:18:11.000000,2023-01-26 11:48:50.456144
68,1780065656,,public_channel,5.265130907461863e+18,https://telegra.ph/file/98b15469ecf7b54783c8b.jpg,True,5315462546.0,`` erito.shop.,eritops,2655610891788017982,"( –≤–ø - @eritov )
           —Ü–µ–ª—å: 5–ö –¥–æ –ª–µ—Ç–∞.",,,False,False,False,False,False,False,ru,2022-07-03 15:53:17.000000,2023-01-27 12:32:26.528808
69,1272482859,,public_channel,,,True,,–®–ó–® –•—Ä–∞–Ω–∏–ª–∏—â–µ,wtfontstore,-5688405537016018601,,,,False,False,False,False,False,False,,2021-05-22 18:11:05.000000,2023-01-26 16:11:06.610558
70,1531185848,,public_channel,5.307593256252587e+18,https://telegra.ph/file/b01bf22ea09883aedb6a7.jpg,True,5480877921.0,üåù–ü—É—Å—Ç—ã–µ –¥–Ω–∏ –ö–æ–ª–∏ –ê–Ω–¥—Ä–µ–µ–≤–∞üåö,pustie_dni,2796711161586306426,"–ê–Ω–∏–º–µ –ø—Ä–æ –∏–Ω—Ü–µ—Å—Ç
–¢–≤–∏—á: https://www.twitch.tv/bordoviyn",,,False,False,False,False,False,False,ru,2022-03-13 18:41:22.000000,2023-01-27 02:22:12.276198
71,1804038247,,public_channel,,,True,,SBQ REBORN,sbg_reborn,3100426981910123643,,,,False,False,False,False,False,True,ru,2023-01-24 23:05:56.000000,2023-01-27 00:45:24.160470
72,1195043865,,public_channel,5.418243034115584e+18,https://telegra.ph/file/b5d45930be8362a3148b4.jpg,True,5918846949.0,Bentonia,bentonia,3872495657646863595,"–°–ª–µ–¥–æ–º –∑–∞ –¥–∏–∫–∏–º –≥—É—Å–µ–º 

@skipsirotkin",,,False,False,False,False,False,False,ru,2020-09-19 15:40:01.000000,2023-01-26 21:54:28.851827
73,1042405005,,public_channel,5.346793624437821e+17,https://telegra.ph/file/4cc1c0ea6703d92307d62.jpg,True,5510611862.0,–°–∞–¥—ã –ø—Ä–∞–≤–µ–¥–Ω—ã—Ö,sharh_sady_pravednih,-1100364155779542078,"–¢–æ–ª–∫–æ–≤–∞–Ω–∏–µ —à–µ–π—Ö–∞ –ê–ª—å-–£—Å–∞–π–º–∏–Ω–∞ –∫–Ω–∏–≥–∏ ""–†–∏—è–¥ –°–∞–ª–∏—Ö–∏–Ω""",,,False,False,False,False,False,False,ru,2016-04-15 05:21:18.000000,2023-02-19 09:02:14.257077
74,1512447088,,public_channel,5.222124339070091e+18,https://telegra.ph/file/728d552d869a6ce5aabf7.jpg,True,,–¢–†–ê–•–ï–ù –ï–ì–≠ | –§–ò–ó–ò–ö–ê –° –ö–ò–†–û–ú | –¢–û–ü–°–ö–£–õ,egeskirom,-8414603522345519874,"–ü—Ä–∏–≤–µ—Ç, –º–µ–Ω—è –∑–æ–≤—É—Ç –ö–∏—Ä, –∏ —è –ø–æ–¥–≥–æ—Ç–æ–≤–ª—é —Ç–µ–±—è –Ω–∞ 90+ –ø–æ —Ñ–∏–∑–∏–∫–µ üî≠‚Å£‚Å£ 
‚Å£‚Å£ 
- –±–æ–ª–µ–µ 7 –ª–µ—Ç –≥–æ—Ç–æ–≤–ª—é –∫ –ï–ì–≠‚Å£‚Å£ 
- 6 —Ä–∞–∑ —Å–¥–∞–≤–∞–ª –ï–ì–≠ –ø–æ—Å–ª–µ —à–∫–æ–ª—ã –Ω–∞ 100 –±–∞–ª–ª–æ–≤ ‚Å£‚Å£ 
- –≤ 2021 –∏ 2022 —Å–¥–∞–ª –µ–≥—ç –Ω–∞ 99‚Å£‚Å£ 
‚Å£‚Å£ 
–ö–∞–∫ –∑–∞–ø–∏—Å–∞—Ç—å—Å—è –Ω–∞ –º–æ–∏ –∫—É—Ä—Å—ã? –ü–∏—à–∏ —Å—é–¥–∞ ‚Äî https://vk.cc/ciLSuQ",,,False,False,False,False,False,False,ru,2022-05-19 10:48:25.000000,2023-01-26 11:59:05.925946
75,1840340707,,public_channel,5.456187605591902e+18,https://telegra.ph/file/1fa82089a5ba100ac7be5.jpg,True,,espoir.,espoirbe,-5554163514477779825,–≤–ª–∞–¥–µ–ª–µ—Ü - @sim3kaa | t.me/anonaskbot?start=5356263358,,,False,False,False,False,False,False,,2023-02-18 18:57:47.000000,2023-02-25 05:41:21.982917
76,1321740526,,public_channel,5.433734538770629e+18,https://telegra.ph/file/597396a5405801b7a8e2f.jpg,True,6273792284.0,–ö–∏–Ω–æ–ú—É—Å—è üéûÔ∏èüé•,kinomusya,5126694574131619037,"–î–ª—è —Ñ–∏–ª—å–º–∞ –¥–æ—Å—Ç–∞—Ç–æ—á–Ω–æ –¥–≤—É—Ö –∫–æ–º–ø–æ–Ω–µ–Ω—Ç–æ–≤ ‚Äî –¥–µ–≤—É—à–∫–∏ –∏ –ø–∏—Å—Ç–æ–ª–µ—Ç–∞
–°–æ—Ç—Ä—É–¥–Ω–∏—á–µ—Å—Ç–≤–æ –∏ –ª—é–±–∞—è —Å–≤—è–∑—å ‚Äî  @mariakozlovaa

–ü–æ–¥–¥–µ—Ä–∂–∞—Ç—å –ú—É—Å—é –º–æ–∂–Ω–æ –Ω–∞ BOOSTY - https://boosty.to/kinomusya",,,False,False,False,False,False,False,ru,2020-05-19 15:39:25.000000,2023-01-26 19:31:52.267921
77,1364252271,,public_channel,5.203963082743856e+18,https://telegra.ph/file/56353ca43d90e79a82427.jpg,True,5618165042.0,–õ–∏–∑–∏–Ω–≥ –≤ –†–æ—Å—Å–∏–∏,leasingnewsrussia,2256583798054160534,"–°–æ–æ–±—â–µ—Å—Ç–≤–æ —Å–æ—Ç—Ä—É–¥–Ω–∏–∫–æ–≤ –ª–∏–∑–∏–Ω–≥–æ–≤—ã—Ö –∫–æ–º–ø–∞–Ω–∏–π –∏ –ª–∏–∑–∏–Ω–≥–æ–≤—ã—Ö –∞–≥–µ–Ω—Ç–æ–≤ –†–æ—Å—Å–∏–∏

–û–±—Ä–∞—Ç–Ω–∞—è —Å–≤—è–∑—å: @anltkachuk",,,False,False,False,False,False,False,ru,2021-04-10 20:51:59.000000,2023-01-26 21:12:43.778878
78,1789811603,,public_channel,5.32573310646182e+18,https://telegra.ph/file/934ad5f6be46b93b96faa.jpg,True,5596620498.0,Marvel | IELTS,ieltsmarvel,-1088145633541003467,"This channel is for those who are preparing for IELTS

In addition, all sections of IELTS are thoroughly studied
üéµ LISTENING
üìñ READING
üì≤ SPEAKING
üìù WRITING

Admin @diamond20o4",,,False,False,False,False,False,False,uz,2022-06-15 14:25:46.000000,2023-01-28 15:09:13.979725
79,1874392398,,public_channel,5.240009635157623e+18,https://telegra.ph/file/0fe762fe66fdc41bc3463.jpg,True,5404411713.0,–°–ø—ñ–ª—å–Ω–æ | UNICEF –î–Ω—ñ–ø—Ä–æ,dniprounicef,2931780672881269658,,,,False,False,False,False,False,False,uk,2022-12-12 10:15:06.000000,2023-01-27 06:39:38.167287
80,1316856369,,public_channel,5.418234323921909e+18,https://telegra.ph/file/f6c3d076388b5529f194b.jpg,True,5574846633.0,–£–†–ê–õLIVE,urallive,-101507822973803054,–ù–æ–≤–æ—Å—Ç–∏ –£—Ä–∞–ª–∞.,,,False,False,False,False,False,False,ru,2021-04-01 05:28:13.000000,2023-01-26 11:48:53.419202
81,1487313256,,public_channel,5.395749470047677e+18,https://telegra.ph/file/2adf210963dfd55bb700a.jpg,True,5430249719.0,–ûŒ∫œÑ–∞–≥–æ–Ω,octagonmedia,7185172008879115320,"–¢–µ–ª–µ–≥—Ä–∞–º-–∫–∞–Ω–∞–ª –∏–∑–¥–∞–Ω–∏—è: https://octagon.media/

–£—Ä–§–û @octagon_ural
–°–ó–§–û @octagon_szfo
–°–§–û @octagon_sibir
–ö—Ä—ã–º @octagon_crimea
–î–§–û @octagon_vostok

–û–±—Ä–∞—Ç–Ω–∞—è —Å–≤—è–∑—å
—Ä–µ–∫–ª–∞–º–∞: ad@octagon.media
–∫–æ–ª–ª–∞–±–æ—Ä–∞—Ü–∏—è: pr@octagon.media
–Ω–æ–≤–æ—Å—Ç–∏: newsbox@octagon.media",,,False,False,False,False,False,False,ru,2020-03-12 06:26:16.000000,2023-01-26 11:48:50.654026
82,1757282925,,public_channel,5.425098450460065e+18,https://telegra.ph/file/bb9621ea69458a00c4266.jpg,True,,PUBG BEZ ADDACHA,pubg_bez_addacha,-5922595288881477625,,,,False,False,False,False,False,True,uz,2022-04-27 05:29:03.000000,2023-01-27 09:07:31.558740
83,1673623396,,public_channel,6.248952381324767e+18,https://telegra.ph/file/af58df37976b6e6717ca8.jpg,True,,@ForexWeb3,global,2525861668890679644,@GlobalFxTrd,,,False,False,False,False,False,False,,2022-04-09 13:49:47.000000,2023-02-04 19:41:38.992648
84,1851091271,,public_channel,5.213202970441795e+18,https://telegra.ph/file/8ebef5060a79b5940d945.jpg,True,,–µ–±–∞–Ω—ã–π –ø–æ—ç—Ç —Ç–∏–ø–∞,obesillen,3349736160227406065,–∑–∞–ª–µ—Ç–∞–π –≤ –º–æ—é –∏—Å—Ç–æ—Ä–∏—é.,,,False,False,False,False,False,True,ru,2023-01-24 15:03:41.000000,2023-02-08 19:59:42.984960
85,1322827215,,public_channel,5.465566568625844e+18,https://telegra.ph/file/ab6260f675585f2d85433.jpg,True,5527967626.0,–ë–ï–ó –û–ë–ú–ï–ñ–ï–ù–¨,bezobmezhen,5572551476775147927,,,,False,False,False,False,False,False,uk,2018-06-05 11:56:52.000000,2023-02-27 17:04:10.015421
86,1545666330,,public_channel,5.239957764837586e+18,https://telegra.ph/file/969d24c7865e659c922ac.jpg,True,5505823880.0,Fem Education,femeducation,8375305794351081832,"–û–±—É—á–∞–µ–º —Ñ–µ–º–∏–Ω–∏–∑–º—É, –ª—é–±–≤–∏ –∏ —É–≤–∞–∂–µ–Ω–∏—é –∫ —Å–µ–±–µ.
–ë–æ—Ç –¥–ª—è —Å–≤—è–∑–∏: @FemEd_bot

–ü–æ –≤–æ–ø—Ä–æ—Å–∞–º —Å–æ—Ç—Ä—É–¥–Ω–∏—á–µ—Å—Ç–≤–∞ –æ–±—Ä–∞—â–∞—Ç—å—Å—è –≤ –±–æ—Ç–∞!",,,False,False,False,False,False,False,ru,2021-08-09 05:15:06.000000,2023-01-27 01:54:27.574091
87,1767650816,,public_channel,5.467784515507304e+18,https://telegra.ph/file/b9ca6ac96f6192018a532.jpg,True,5561199167.0,–ê–¥–º–∏–Ω–∏—Å—Ç—Ä–∞—Ü–∏—è –ö–∞—Ä–≥–∞—Å–æ–∫—Å–∫–æ–≥–æ —Ä–∞–π–æ–Ω–∞,kargasokskii_raion,1362842294616637711,"–û—Ñ–∏—Ü–∏–∞–ª—å–Ω–∞—è —Å—Ç—Ä–∞–Ω–∏—Ü–∞ –ê–¥–º–∏–Ω–∏—Å—Ç—Ä–∞—Ü–∏–∏ –ö–∞—Ä–≥–∞—Å–æ–∫—Å–∫–æ–≥–æ —Ä–∞–π–æ–Ω–∞
–°–∞–º–∞—è —Ç–æ—á–Ω–∞—è –∏ –±—ã—Å—Ç—Ä–∞—è –∏–Ω—Ñ–æ—Ä–º–∞—Ü–∏—è –∏–∑ –ø–µ—Ä–≤—ã—Ö —Ä—É–∫üôåüèª
–ú—ã –≥–æ—Ç–æ–≤—ã –≤–µ—Å—Ç–∏ –¥–∏–∞–ª–æ–≥ —Å –∫–∞–∂–¥—ã–º –∂–∏—Ç–µ–ª–µ–º –ö–∞—Ä–≥–∞—Å–æ–∫—Å–∫–æ–≥–æ —Ä–∞–π–æ–Ω–∞",,,False,False,False,False,False,False,ru,2022-03-11 14:45:13.000000,2023-01-26 22:13:20.087334
88,1775557698,,public_channel,5.231073895568755e+18,https://telegra.ph/file/1aee92e6a1122bd7b8df9.jpg,True,5422002103.0,–¢–≤–æ—è –î–∏–≤–∞,sweetdiva3901,6040680029334886520,–£—é—Ç–Ω–æ–µ –∏ –º–∏–ª–æ–µ –º–µ—Å—Ç–µ—á–∫–æ),,,False,False,False,False,False,False,ru,2021-11-28 19:01:02.000000,2023-02-18 13:40:28.078111
89,1093454858,,public_channel,1.5019424059407503e+18,https://telegra.ph/file/57fadd81cc8b06800daf9.jpg,True,,–ë–ò–ó–ù–ï–° –ë–ê–°–¢–ê–£,biznesbastau,-9184929416301490281,,,,False,False,False,False,False,False,,2017-06-08 07:17:30.000000,2023-03-05 14:51:20.822913
90,1895211105,,public_channel,5.366058421259976e+18,https://telegra.ph/file/6a65521a79680b04710e0.jpg,True,5435548466.0,BS|–î–µ—à√´–≤—ã–µ –≥–µ–º—ã|–¢—É—Ä–Ω–∏—Ä—ã,turnir2bs,-5837455071536625640,–ë–µ—Å–ø–ª–∞—Ç–Ω—ã–µ –∏ –ø–ª–∞—Ç–Ω—ã–µ —Ç—É—Ä–Ω–∏—Ä—ã,,,False,False,False,False,False,False,ru,2022-09-29 11:15:08.000000,2023-01-26 16:19:28.027664
91,1652749617,,public_channel,5.271919365266195e+18,https://telegra.ph/file/10c4bb2d42ea974210a04.jpg,True,5579513108.0,–í –ß–µ–º–æ–¥–∞–Ω–µ,chemodanfest,975865105817993852,–í—Å–µ –Ω–æ–≤–æ—Å—Ç–∏ –æ —Å–µ–º–µ–π–Ω–æ–º —Ñ–µ—Å—Ç–∏–≤–∞–ª–µ –¥–µ—Ç—Å–∫–æ–π –ª–∏—Ç–µ—Ä–∞—Ç—É—Ä—ã –Ω–∞ —Ä—É—Å—Å–∫–æ–º —è–∑—ã–∫–µ –≤ –ò–∑—Ä–∞–∏–ª–µ,,,False,False,False,False,False,False,ru,2022-09-10 13:16:18.000000,2023-01-27 02:15:30.977561
92,1789007025,,public_channel,5.131861791708655e+18,https://telegra.ph/file/63edf13c3d0fe98c1a7e0.jpg,True,,ùôéùôöùôòùôßùôöùô©ùôûùô£ùôùùô§ „ÉÑ,secretinho7,8818096932610119633,,,,True,False,False,False,False,False,,2022-11-05 22:47:25.000000,2023-01-26 13:20:32.121998
93,1355974420,,public_channel,5.411632435201946e+18,https://telegra.ph/file/70413c91660614bc91878.jpg,True,5484671323.0,–°–æ–≤—Ä–µ–º–µ–Ω–Ω–æ–µ –∏—Å–∫—É—Å—Å—Ç–≤–æ,new_is,3143993583637522784,–ê–¥–º–∏–Ω–∏—Å—Ç—Ä–∞—Ç–æ—Ä: @mkdir42,,,False,False,False,False,False,False,ru,2020-07-21 13:21:31.000000,2023-01-26 14:31:49.900884
94,1207158738,,public_channel,,,True,,–ó–∞—Å–ª–∞–Ω–µ—Ü –∏–∑ –∫–æ—Å–º–æ—Å–∞,zaslanec_iz_kosmosa,3157987607902961996,,,,True,False,False,False,False,False,,,2023-03-07 16:21:25.219296
95,1502303438,,public_channel,5.242508464310303e+18,https://telegra.ph/file/0c841ef820916f15c860d.jpg,True,5527967626.0,VOLOKNO magazine,voloknomagazine,-417321246982220235,"–ñ—É—Ä–Ω–∞–ª –æ –≤—è–∑–∞–Ω–∏–∏ 
–ü–µ—á–∞—Ç–Ω—ã–π –Ω–æ–º–µ—Ä volokno-fest.ru",,,False,False,False,False,False,False,ru,2022-02-24 14:21:36.000000,2023-01-31 07:21:12.587729
96,1888855049,,public_channel,,,True,,Asminog,asminog_ton,-3591910615367061643,,,,False,False,False,False,False,False,,2023-02-05 12:07:52.000000,2023-02-05 12:41:00.314882
97,1556715992,,public_channel,5.003931238700002e+18,https://telegra.ph/file/44b44a31c8e64d8c99e2f.jpg,True,,CyberCum üçåüí¶,cybercum_online,7053099641106855171,,,,True,False,False,False,False,False,,2022-10-15 16:58:21.000000,2023-02-10 17:22:49.723005
98,1671584536,,public_channel,5.454211774606854e+18,https://telegra.ph/file/0e44b507e22da14ccf893.jpg,True,5449097984.0,—á–∞–π —Å —à–æ–∫–æ–ª–∞–¥–æ–º^^,teasvis,3625583085043523556,"^–Ω–∞ —ç—Ç–æ–º –∫–∞–Ω–∞–ª–µ –±—É–¥—É—Ç –ø—Ä–æ–≤–æ–¥–∏—Ç—å—Å—è –∏–≥—Ä—ã —Å–≤—è–∑–∞–Ω–Ω—ã–µ —Å –∫–ø–æ–ø,–∞ —Ç–∞–∫–∂–µ –∫–æ–Ω–∫—É—Ä—Å—ã",,,False,False,False,False,False,False,ru,2022-12-17 12:19:25.000000,2023-02-19 13:10:34.605555
99,1070695961,,public_channel,6.85419825336527e+17,https://telegra.ph/file/78706bbd079695517b39e.jpg,True,5540500755.0,About Japan,about_japan,1850709509512028324,About Japan,,,False,False,False,False,False,False,ru,2016-10-16 09:39:01.000000,2023-02-14 09:37:18.098307
